TN4270301d_val,TN4270401d_val,TN4270501d_val,TN4270601d_val,TN4270701d_val,TN4270801d_val,TN4270901d_val,TN4271001d_val,TN4271101d_val,TN4271201d_val,TN4271301d_val,TN4271401d_val,TN4271502d_val
22.101,21.8904,21.8822,22.0342,22.0856,22.1148,22.1859,22.2011,22.2145,22.2111,21.9217,21.8126,21.7395
22.101,21.8904,21.8822,22.0342,22.0856,22.1148,22.1859,22.2011,22.2145,22.2111,21.9217,21.8126,21.7395
22.101,21.8904,21.8822,22.0342,22.0856,22.1148,22.1859,22.2011,22.2145,22.2111,21.9217,21.8126,21.7395
22.101,21.8904,21.8822,22.0342,22.0856,22.1148,22.1859,22.2011,22.2145,22.2111,21.9217,21.8126,21.7395
22.0999,21.9374,21.8885,22.0329,22.0863,22.1166,22.1861,22.203,22.2146,22.2127,21.9221,21.8122,21.7391
22.0999,21.9374,21.8885,22.0329,22.0863,22.1166,22.1861,22.203,22.2146,22.2127,21.9221,21.8122,21.7391
22.0989,21.989,21.8823,22.0336,22.087,22.116,22.1864,22.2025,22.2142,22.2117,21.9228,21.8116,21.7392
22.0989,21.989,21.8823,22.0336,22.087,22.116,22.1864,22.2025,22.2142,22.2117,21.9228,21.8116,21.7392
22.0987,22.013,21.8807,22.034,22.0871,22.1159,22.1865,22.2023,22.2142,22.211,21.9217,21.8118,21.739
22.0987,22.013,21.8807,22.034,22.0871,22.1159,22.1865,22.2023,22.2142,22.211,21.9217,21.8118,21.739
22.0987,22.0195,21.8774,22.0341,22.0892,22.117,22.1863,22.2,22.2144,22.2101,21.9217,21.8117,21.7388
22.0987,22.0195,21.8774,22.0341,22.0892,22.117,22.1863,22.2,22.2144,22.2101,21.9217,21.8117,21.7388
22.0993,22.0221,21.8778,22.0332,22.09,22.1165,22.1866,22.2003,22.2147,22.211,21.9215,21.8117,21.7385
22.0993,22.0221,21.8778,22.0332,22.09,22.1165,22.1866,22.2003,22.2147,22.211,21.9215,21.8117,21.7385
22.0997,22.024,21.8777,22.0318,22.0944,22.1175,22.1864,22.1998,22.2156,22.2108,21.9215,21.8126,21.7384
22.0997,22.024,21.8777,22.0318,22.0944,22.1175,22.1864,22.1998,22.2156,22.2108,21.9215,21.8126,21.7384
22.1012,22.0266,21.8766,22.0315,22.0996,22.1199,22.1856,22.2,22.2156,22.2106,21.9219,21.8134,21.7508
22.1012,22.0266,21.8766,22.0315,22.0996,22.1199,22.1856,22.2,22.2156,22.2106,21.9219,21.8134,21.7508
22.1004,22.0286,21.8766,22.0314,22.1008,22.1269,22.1856,22.2002,22.2157,22.2118,21.922,21.8141,21.7632
22.1004,22.0286,21.8766,22.0314,22.1008,22.1269,22.1856,22.2002,22.2157,22.2118,21.922,21.8141,21.7632
22.1004,22.0301,21.8786,22.0321,22.1033,22.1289,22.1858,22.2002,22.2144,22.2128,21.9223,21.8138,21.7705
22.1004,22.0301,21.8786,22.0321,22.1033,22.1289,22.1858,22.2002,22.2144,22.2128,21.9223,21.8138,21.7705
22.099,22.0312,21.8796,22.0333,22.1066,22.1278,22.1855,22.2004,22.2133,22.2132,21.9228,21.814,21.7719
22.099,22.0312,21.8796,22.0333,22.1066,22.1278,22.1855,22.2004,22.2133,22.2132,21.9228,21.814,21.7719
22.0989,22.0324,21.8809,22.0364,22.1074,22.1344,22.1853,22.2006,22.2133,22.2158,21.9233,21.8155,21.7743
22.0989,22.0324,21.8809,22.0364,22.1074,22.1344,22.1853,22.2006,22.2133,22.2158,21.9233,21.8155,21.7743
22.0988,22.0335,21.8853,22.0361,22.1083,22.1392,22.1853,22.2005,22.2141,22.2157,21.9238,21.8174,21.7756
22.0988,22.0335,21.8853,22.0361,22.1083,22.1392,22.1853,22.2005,22.2141,22.2157,21.9238,21.8174,21.7756
22.0986,22.0349,21.8898,22.039,22.1111,22.1433,22.1857,22.2008,22.2138,22.2158,21.9236,21.8183,21.7763
22.0986,22.0349,21.8898,22.039,22.1111,22.1433,22.1857,22.2008,22.2138,22.2158,21.9236,21.8183,21.7763
22.0987,22.0358,21.8911,22.0425,22.114,22.1476,22.1857,22.2025,22.2137,22.2166,21.9245,21.8191,21.7774
22.0987,22.0358,21.8911,22.0425,22.114,22.1476,22.1857,22.2025,22.2137,22.2166,21.9245,21.8191,21.7774
22.0984,22.0364,21.8924,22.0438,22.1161,22.1482,22.1856,22.2025,22.2133,22.2192,21.9247,21.8196,21.7792
22.0984,22.0364,21.8924,22.0438,22.1161,22.1482,22.1856,22.2025,22.2133,22.2192,21.9247,21.8196,21.7792
22.0985,22.0371,21.8936,22.0452,22.1171,22.1501,22.1857,22.2017,22.2134,22.2204,21.9251,21.8197,21.7807
22.0985,22.0371,21.8936,22.0452,22.1171,22.1501,22.1857,22.2017,22.2134,22.2204,21.9251,21.8197,21.7807
22.0992,22.038,21.8941,22.0524,22.119,22.1515,22.186,22.2018,22.2136,22.2204,21.9264,21.8216,21.7817
22.0992,22.038,21.8941,22.0524,22.119,22.1515,22.186,22.2018,22.2136,22.2204,21.9264,21.8216,21.7817
22.1062,22.039,21.895,22.068,22.1205,22.1533,22.1864,22.2018,22.2137,22.2206,21.9275,21.8235,21.7833
22.1062,22.039,21.895,22.068,22.1205,22.1533,22.1864,22.2018,22.2137,22.2206,21.9275,21.8235,21.7833
22.1081,22.0401,21.8956,22.0996,22.1217,22.1538,22.1866,22.2015,22.214,22.2206,21.9286,21.8251,21.7856
22.1081,22.0401,21.8956,22.0996,22.1217,22.1538,22.1866,22.2015,22.214,22.2206,21.9286,21.8251,21.7856
22.1081,22.041,21.896,22.1033,22.1261,22.1546,22.1868,22.2012,22.2143,22.2207,21.9291,21.8259,21.7878
22.1081,22.041,21.896,22.1033,22.1261,22.1546,22.1868,22.2012,22.2143,22.2207,21.9291,21.8259,21.7878
22.1083,22.0422,21.8965,22.1111,22.1282,22.1548,22.1866,22.2016,22.2145,22.2211,21.9298,21.8289,21.7901
22.1083,22.0422,21.8965,22.1111,22.1282,22.1548,22.1866,22.2016,22.2145,22.2211,21.9298,21.8289,21.7901
22.1089,22.0439,21.897,22.1225,22.1303,22.1559,22.1883,22.2009,22.2161,22.2204,21.9366,21.8303,21.7919
22.1089,22.0439,21.897,22.1225,22.1303,22.1559,22.1883,22.2009,22.2161,22.2204,21.9366,21.8303,21.7919
22.1119,22.0497,21.8975,22.1291,22.1377,22.157,22.1881,22.2008,22.2164,22.2207,21.9413,21.8323,21.7942
22.1119,22.0497,21.8975,22.1291,22.1377,22.157,22.1881,22.2008,22.2164,22.2207,21.9413,21.8323,21.7942
22.1141,22.0638,21.8982,22.1343,22.14,22.1578,22.1888,22.2012,22.2174,22.2211,21.9464,21.8324,21.7966
22.1141,22.0638,21.8982,22.1343,22.14,22.1578,22.1888,22.2012,22.2174,22.2211,21.9464,21.8324,21.7966
22.1149,22.071,21.8987,22.1377,22.1417,22.1587,22.1883,22.2011,22.2184,22.2213,21.9497,21.8326,21.7988
22.1149,22.071,21.8987,22.1377,22.1417,22.1587,22.1883,22.2011,22.2184,22.2213,21.9497,21.8326,21.7988
22.1165,22.0765,21.8996,22.1421,22.1448,22.1597,22.1896,22.201,22.219,22.2214,21.9589,21.8337,21.8034
22.1165,22.0765,21.8996,22.1421,22.1448,22.1597,22.1896,22.201,22.219,22.2214,21.9589,21.8337,21.8034
22.1193,22.0936,21.9003,22.1436,22.1502,22.1613,22.1915,22.2013,22.2187,22.2215,21.9645,21.8351,21.8042
22.1193,22.0936,21.9003,22.1436,22.1502,22.1613,22.1915,22.2013,22.2187,22.2215,21.9645,21.8351,21.8042
22.12,22.124,21.9013,22.1447,22.152,22.163,22.193,22.2015,22.2189,22.2216,21.9685,21.8376,21.81
22.12,22.124,21.9013,22.1447,22.152,22.163,22.193,22.2015,22.2189,22.2216,21.9685,21.8376,21.81
22.1204,22.1799,21.9032,22.1481,22.1562,22.1647,22.195,22.2016,22.2195,22.2219,21.9785,21.841,21.8153
22.1204,22.1799,21.9032,22.1481,22.1562,22.1647,22.195,22.2016,22.2195,22.2219,21.9785,21.841,21.8153
22.1219,22.2042,21.9067,22.1541,22.1588,22.167,22.1977,22.2017,22.2196,22.2219,21.9895,21.8438,21.8224
22.1219,22.2042,21.9067,22.1541,22.1588,22.167,22.1977,22.2017,22.2196,22.2219,21.9895,21.8438,21.8224
22.1271,22.2099,21.9116,22.1589,22.1659,22.1691,22.2044,22.2018,22.2196,22.2222,22.0096,21.8457,21.8291
22.1271,22.2099,21.9116,22.1589,22.1659,22.1691,22.2044,22.2018,22.2196,22.2222,22.0096,21.8457,21.8291
22.1557,22.2171,21.9193,22.1624,22.1715,22.1726,22.2094,22.2017,22.2196,22.2223,22.0306,21.8485,21.8371
22.1557,22.2171,21.9193,22.1624,22.1715,22.1726,22.2094,22.2017,22.2196,22.2223,22.0306,21.8485,21.8371
22.1734,22.2392,21.9364,22.1631,22.1762,22.1743,22.2106,22.2017,22.2198,22.2224,22.0576,21.8528,21.8536
22.1734,22.2392,21.9364,22.1631,22.1762,22.1743,22.2106,22.2017,22.2198,22.2224,22.0576,21.8528,21.8536
22.2081,22.2578,21.9506,22.1651,22.1858,22.1747,22.2135,22.204,22.2196,22.2226,22.0823,21.8564,21.8629
22.2081,22.2578,21.9506,22.1651,22.1858,22.1747,22.2135,22.204,22.2196,22.2226,22.0823,21.8564,21.8629
22.2429,22.2823,21.9751,22.1662,22.1915,22.1774,22.219,22.2092,22.222,22.2227,22.1016,21.8636,21.8845
22.2429,22.2823,21.9751,22.1662,22.1915,22.1774,22.219,22.2092,22.222,22.2227,22.1016,21.8636,21.8845
22.2515,22.3232,21.9889,22.1681,22.1962,22.1808,22.2225,22.205,22.2315,22.2229,22.1252,21.8722,21.8986
22.2515,22.3232,21.9889,22.1681,22.1962,22.1808,22.2225,22.205,22.2315,22.2229,22.1252,21.8722,21.8986
22.2662,22.3368,22.0138,22.1707,22.2112,22.1841,22.2237,22.2084,22.2347,22.2231,22.146,21.8886,21.9144
22.2662,22.3368,22.0138,22.1707,22.2112,22.1841,22.2237,22.2084,22.2347,22.2231,22.146,21.8886,21.9144
22.2805,22.3427,22.0279,22.1764,22.2305,22.1875,22.228,22.2107,22.2339,22.2234,22.1557,21.9033,21.9468
22.2805,22.3427,22.0279,22.1764,22.2305,22.1875,22.228,22.2107,22.2339,22.2234,22.1557,21.9033,21.9468
22.2887,22.3513,22.0384,22.1939,22.2474,22.191,22.2337,22.2157,22.2353,22.2237,22.168,21.9182,21.9665
22.2887,22.3513,22.0384,22.1939,22.2474,22.191,22.2337,22.2157,22.2353,22.2237,22.168,21.9182,21.9665
22.3074,22.3729,22.0527,22.2083,22.2727,22.1983,22.2372,22.2217,22.2378,22.2238,22.1914,21.9443,21.9828
22.3074,22.3729,22.0527,22.2083,22.2727,22.1983,22.2372,22.2217,22.2378,22.2238,22.1914,21.9443,21.9828
22.3167,22.396,22.0587,22.2155,22.303,22.2215,22.2397,22.2297,22.2366,22.2245,22.2215,21.9837,22.0124
22.3167,22.396,22.0587,22.2155,22.303,22.2215,22.2397,22.2297,22.2366,22.2245,22.2215,21.9837,22.0124
22.3323,22.4573,22.0668,22.2269,22.3098,22.2716,22.243,22.2348,22.2372,22.2252,22.2286,22.0469,22.0433
22.3323,22.4573,22.0668,22.2269,22.3098,22.2716,22.243,22.2348,22.2372,22.2252,22.2286,22.0469,22.0433
22.344,22.4793,22.0785,22.2312,22.3656,22.2776,22.2464,22.2371,22.2394,22.2258,22.2297,22.1638,22.136
22.344,22.4793,22.0785,22.2312,22.3656,22.2776,22.2464,22.2371,22.2394,22.2258,22.2297,22.1638,22.136
22.3534,22.4969,22.0982,22.2395,22.4486,22.2794,22.248,22.2407,22.2418,22.2264,22.2303,22.2061,22.227
22.3534,22.4969,22.0982,22.2395,22.4486,22.2794,22.248,22.2407,22.2418,22.2264,22.2303,22.2061,22.227
22.3949,22.5101,22.1302,22.2448,22.4825,22.283,22.2493,22.2428,22.2425,22.2273,22.2315,22.2253,22.3177
22.3949,22.5101,22.1302,22.2448,22.4825,22.283,22.2493,22.2428,22.2425,22.2273,22.2315,22.2253,22.3177
22.4184,22.5209,22.1596,22.2633,22.4978,22.2887,22.2503,22.2488,22.2429,22.2291,22.2339,22.238,22.355
22.4184,22.5209,22.1596,22.2633,22.4978,22.2887,22.2503,22.2488,22.2429,22.2291,22.2339,22.238,22.355
22.4377,22.5241,22.1993,22.2795,22.5412,22.2958,22.2523,22.2479,22.2446,22.2308,22.2355,22.2884,22.3768
22.4377,22.5241,22.1993,22.2795,22.5412,22.2958,22.2523,22.2479,22.2446,22.2308,22.2355,22.2884,22.3768
22.4554,22.5295,22.2333,22.303,22.5533,22.3014,22.2554,22.2512,22.2454,22.232,22.2499,22.3528,22.3916
22.4554,22.5295,22.2333,22.303,22.5533,22.3014,22.2554,22.2512,22.2454,22.232,22.2499,22.3528,22.3916
22.4662,22.5596,22.3038,22.3271,22.5737,22.306,22.26,22.2599,22.2484,22.2328,22.2632,22.4628,22.4047
22.4662,22.5596,22.3038,22.3271,22.5737,22.306,22.26,22.2599,22.2484,22.2328,22.2632,22.4628,22.4047
22.4787,22.5651,22.3498,22.3964,22.5976,22.3186,22.2682,22.2654,22.2531,22.2345,22.2835,22.5249,22.4136
22.4787,22.5651,22.3498,22.3964,22.5976,22.3186,22.2682,22.2654,22.2531,22.2345,22.2835,22.5249,22.4136
22.5007,22.5737,22.3895,22.4661,22.6088,22.3298,22.2809,22.2695,22.2561,22.2359,22.3044,22.603,22.4259
22.5007,22.5737,22.3895,22.4661,22.6088,22.3298,22.2809,22.2695,22.2561,22.2359,22.3044,22.603,22.4259
22.5232,22.6031,22.4566,22.4967,22.6169,22.3398,22.2925,22.2726,22.2607,22.2378,22.321,22.6791,22.4528
22.5232,22.6031,22.4566,22.4967,22.6169,22.3398,22.2925,22.2726,22.2607,22.2378,22.321,22.6791,22.4528
22.533,22.6232,22.4925,22.5409,22.6271,22.4098,22.3004,22.2758,22.2644,22.2388,22.3399,22.7161,22.5184
22.533,22.6232,22.4925,22.5409,22.6271,22.4098,22.3004,22.2758,22.2644,22.2388,22.3399,22.7161,22.5184
22.533,22.6232,22.4925,22.5409,22.6271,22.4098,22.3004,22.2758,22.2644,22.2388,22.3399,22.7161,22.5184
22.5343,22.636,22.5008,22.5564,22.679,22.6907,22.3054,22.2791,22.2665,22.2449,22.3596,22.7487,22.5505
22.5343,22.636,22.5008,22.5564,22.679,22.6907,22.3054,22.2791,22.2665,22.2449,22.3596,22.7487,22.5505
22.5401,22.6784,22.5099,22.5619,22.7412,22.8048,22.308,22.2808,22.2684,22.2516,22.4132,22.7712,22.6139
22.5401,22.6784,22.5099,22.5619,22.7412,22.8048,22.308,22.2808,22.2684,22.2516,22.4132,22.7712,22.6139
22.5508,22.693,22.5225,22.5804,22.8073,22.8945,22.3141,22.2829,22.2697,22.2631,22.4624,22.7906,22.7546
22.5508,22.693,22.5225,22.5804,22.8073,22.8945,22.3141,22.2829,22.2697,22.2631,22.4624,22.7906,22.7546
22.5985,22.7343,22.5466,22.6054,22.8563,22.9434,22.3183,22.2847,22.3507,22.278,22.4865,22.8197,22.8583
22.5985,22.7343,22.5466,22.6054,22.8563,22.9434,22.3183,22.2847,22.3507,22.278,22.4865,22.8197,22.8583
22.6573,22.8003,22.5725,22.6166,22.9172,23.0062,22.3352,22.2857,22.6437,22.37,22.581,22.8473,23.0369
22.6573,22.8003,22.5725,22.6166,22.9172,23.0062,22.3352,22.2857,22.6437,22.37,22.581,22.8473,23.0369
22.7066,22.8748,22.6047,22.6309,22.9672,23.0804,22.4597,22.2871,22.9675,22.6204,22.7912,22.8933,23.0554
22.7066,22.8748,22.6047,22.6309,22.9672,23.0804,22.4597,22.2871,22.9675,22.6204,22.7912,22.8933,23.0554
22.7694,23.0683,22.6244,22.6433,23.0426,23.1728,22.7283,22.2903,23.1833,22.8345,22.9287,22.9461,23.1464
22.7694,23.0683,22.6244,22.6433,23.0426,23.1728,22.7283,22.2903,23.1833,22.8345,22.9287,22.9461,23.1464
22.9169,23.2787,22.6536,22.6551,23.2756,23.2702,22.9601,22.3154,23.6258,23.0538,22.9843,22.9723,23.2524
22.9169,23.2787,22.6536,22.6551,23.2756,23.2702,22.9601,22.3154,23.6258,23.0538,22.9843,22.9723,23.2524
23.0075,23.3942,22.6699,22.6743,23.5392,23.3284,23.0475,22.6483,24.0274,23.6154,23.013,22.994,23.2898
23.0075,23.3942,22.6699,22.6743,23.5392,23.3284,23.0475,22.6483,24.0274,23.6154,23.013,22.994,23.2898
23.0855,23.4479,22.6904,22.7316,23.8099,23.3402,23.1804,23.0102,24.2501,23.9289,23.0332,23.0307,23.3082
23.0855,23.4479,22.6904,22.7316,23.8099,23.3402,23.1804,23.0102,24.2501,23.9289,23.0332,23.0307,23.3082
23.1826,23.5059,22.761,22.7453,24.0515,23.344,23.2544,23.3415,24.4472,24.2134,23.0799,23.0786,23.3851
23.1826,23.5059,22.761,22.7453,24.0515,23.344,23.2544,23.3415,24.4472,24.2134,23.0799,23.0786,23.3851
23.2939,23.6013,22.8299,22.7641,24.2669,23.3489,23.4341,23.968,24.75,24.3757,23.1781,23.1046,23.4958
23.2939,23.6013,22.8299,22.7641,24.2669,23.3489,23.4341,23.968,24.75,24.3757,23.1781,23.1046,23.4958
23.4667,23.7233,22.8977,22.8842,24.5452,23.3603,23.5787,24.6211,24.9487,24.4289,23.208,23.149,23.6169
23.4667,23.7233,22.8977,22.8842,24.5452,23.3603,23.5787,24.6211,24.9487,24.4289,23.208,23.149,23.6169
23.5639,23.8668,23.029,23.2701,24.6132,23.3715,23.5924,24.9182,25.1042,24.4718,23.265,23.1648,23.6812
23.5639,23.8668,23.029,23.2701,24.6132,23.3715,23.5924,24.9182,25.1042,24.4718,23.265,23.1648,23.6812
23.6276,23.9996,23.1082,23.4596,24.7092,23.5581,23.6025,24.9918,25.1988,24.5302,23.3631,23.1888,23.713
23.6276,23.9996,23.1082,23.4596,24.7092,23.5581,23.6025,24.9918,25.1988,24.5302,23.3631,23.1888,23.713
23.7409,24.0813,23.1183,23.4781,24.7391,23.9568,23.6297,25.0442,25.2199,24.6067,23.4992,23.2152,23.7387
23.7409,24.0813,23.1183,23.4781,24.7391,23.9568,23.6297,25.0442,25.2199,24.6067,23.4992,23.2152,23.7387
23.8686,24.2129,23.1897,23.5415,24.7848,23.9984,24.3344,25.1046,25.2998,24.6834,23.6625,23.2536,23.8373
23.8686,24.2129,23.1897,23.5415,24.7848,23.9984,24.3344,25.1046,25.2998,24.6834,23.6625,23.2536,23.8373
24.0058,24.452,23.5485,23.8032,24.8496,24.0323,24.6205,25.1788,25.405,24.9246,23.8633,23.2844,23.9707
24.0058,24.452,23.5485,23.8032,24.8496,24.0323,24.6205,25.1788,25.405,24.9246,23.8633,23.2844,23.9707
24.3133,24.4692,23.6475,24.2611,24.9125,24.1279,24.7117,25.2577,25.454,25.1234,23.9831,23.317,24.0714
24.3133,24.4692,23.6475,24.2611,24.9125,24.1279,24.7117,25.2577,25.454,25.1234,23.9831,23.317,24.0714
24.45,24.4728,23.9984,24.2991,24.9737,24.3306,24.819,25.2898,25.5233,25.2926,24.0948,23.3384,24.1039
24.45,24.4728,23.9984,24.2991,24.9737,24.3306,24.819,25.2898,25.5233,25.2926,24.0948,23.3384,24.1039
24.6408,24.4852,24.2158,24.4236,25.0742,24.4625,24.9223,25.3506,25.5583,25.3274,24.2175,23.3871,24.1695
24.6408,24.4852,24.2158,24.4236,25.0742,24.4625,24.9223,25.3506,25.5583,25.3274,24.2175,23.3871,24.1695
24.7276,24.5417,24.352,24.6446,25.1578,24.5905,24.9804,25.409,25.6295,25.3688,24.2208,23.5053,24.2055
24.7276,24.5417,24.352,24.6446,25.1578,24.5905,24.9804,25.409,25.6295,25.3688,24.2208,23.5053,24.2055
24.7309,24.595,24.5599,24.9704,25.1801,24.8506,25.0227,25.4637,25.7741,25.3877,24.3503,23.5768,24.2196
24.7309,24.595,24.5599,24.9704,25.1801,24.8506,25.0227,25.4637,25.7741,25.3877,24.3503,23.5768,24.2196
24.735,24.7997,24.7273,25.1507,25.2697,24.9507,25.1309,25.4768,25.8376,25.4127,24.4729,23.6322,24.2436
24.735,24.7997,24.7273,25.1507,25.2697,24.9507,25.1309,25.4768,25.8376,25.4127,24.4729,23.6322,24.2436
24.7671,24.9562,24.8477,25.1485,25.4311,25.0466,25.2951,25.5112,25.8757,25.4288,24.6308,23.7043,24.3468
24.7671,24.9562,24.8477,25.1485,25.4311,25.0466,25.2951,25.5112,25.8757,25.4288,24.6308,23.7043,24.3468
24.7941,24.9882,24.958,25.2146,25.5251,25.2232,25.4016,25.5595,26.0146,25.4605,24.9897,23.8047,24.5728
24.7941,24.9882,24.958,25.2146,25.5251,25.2232,25.4016,25.5595,26.0146,25.4605,24.9897,23.8047,24.5728
24.8253,25.0216,25.0482,25.4739,25.5366,25.4189,25.4811,25.5888,26.0775,25.6031,25.1967,23.9197,24.6402
24.8253,25.0216,25.0482,25.4739,25.5366,25.4189,25.4811,25.5888,26.0775,25.6031,25.1967,23.9197,24.6402
24.8666,25.0914,25.2262,25.6042,25.538,25.509,25.5271,25.5949,26.1154,25.7513,25.2371,24.0152,24.7946
24.8666,25.0914,25.2262,25.6042,25.538,25.509,25.5271,25.5949,26.1154,25.7513,25.2371,24.0152,24.7946
24.9051,25.1602,25.3301,25.7568,25.548,25.6016,25.5771,25.6099,26.1629,25.8508,25.3596,24.1234,24.9961
24.9051,25.1602,25.3301,25.7568,25.548,25.6016,25.5771,25.6099,26.1629,25.8508,25.3596,24.1234,24.9961
24.9402,25.1908,25.4149,25.8384,25.5799,25.6296,25.647,25.6257,26.2148,25.9513,25.4745,24.2354,25.2251
24.9402,25.1908,25.4149,25.8384,25.5799,25.6296,25.647,25.6257,26.2148,25.9513,25.4745,24.2354,25.2251
24.9438,25.1987,25.481,25.8724,25.6204,25.6832,25.7154,25.6531,26.2459,26.0956,25.6094,24.3058,25.2454
24.9438,25.1987,25.481,25.8724,25.6204,25.6832,25.7154,25.6531,26.2459,26.0956,25.6094,24.3058,25.2454
24.9476,25.2332,25.5294,25.8857,25.6612,25.7136,25.83,25.7701,26.2653,26.1402,25.8039,24.3632,25.402
24.9476,25.2332,25.5294,25.8857,25.6612,25.7136,25.83,25.7701,26.2653,26.1402,25.8039,24.3632,25.402
24.9626,25.3095,25.6028,25.9091,25.7342,25.7303,25.8509,25.8329,26.2812,26.2087,25.8693,24.4271,25.5452
24.9626,25.3095,25.6028,25.9091,25.7342,25.7303,25.8509,25.8329,26.2812,26.2087,25.8693,24.4271,25.5452
24.9962,25.3711,25.7175,25.986,25.9172,25.757,25.8458,25.9177,26.293,26.2408,25.9946,24.7043,25.6576
24.9962,25.3711,25.7175,25.986,25.9172,25.757,25.8458,25.9177,26.293,26.2408,25.9946,24.7043,25.6576
25.02,25.3833,25.8427,26.0115,26.0303,25.8019,25.8462,26.0178,26.2956,26.26,26.0964,24.7989,25.7168
25.02,25.3833,25.8427,26.0115,26.0303,25.8019,25.8462,26.0178,26.2956,26.26,26.0964,24.7989,25.7168
25.1008,25.416,25.9574,26.0285,26.1175,25.8427,25.8544,26.0421,26.2937,26.3311,26.1644,24.8655,25.7785
25.1008,25.416,25.9574,26.0285,26.1175,25.8427,25.8544,26.0421,26.2937,26.3311,26.1644,24.8655,25.7785
25.1817,25.4807,25.9808,26.0572,26.157,25.8801,25.865,26.098,26.2926,26.3798,26.1815,24.9516,25.8162
25.1817,25.4807,25.9808,26.0572,26.157,25.8801,25.865,26.098,26.2926,26.3798,26.1815,24.9516,25.8162
25.2503,25.5858,26.0251,26.1184,26.1881,25.9454,25.8945,26.1367,26.2972,26.4081,26.1937,25.0293,25.856
25.2503,25.5858,26.0251,26.1184,26.1881,25.9454,25.8945,26.1367,26.2972,26.4081,26.1937,25.0293,25.856
25.367,25.6027,26.0955,26.1265,26.227,25.9817,25.917,26.178,26.3045,26.4279,26.1975,25.0896,25.8905
25.367,25.6027,26.0955,26.1265,26.227,25.9817,25.917,26.178,26.3045,26.4279,26.1975,25.0896,25.8905
25.493,25.6032,26.1221,26.1237,26.2437,25.989,25.9486,26.1951,26.3194,26.4445,26.2,25.2012,25.9435
25.493,25.6032,26.1221,26.1237,26.2437,25.989,25.9486,26.1951,26.3194,26.4445,26.2,25.2012,25.9435
25.6419,25.6063,26.2022,26.126,26.2514,25.9925,25.9834,26.1997,26.3253,26.4479,26.2023,25.3619,26.0274
25.6419,25.6063,26.2022,26.126,26.2514,25.9925,25.9834,26.1997,26.3253,26.4479,26.2023,25.3619,26.0274
25.7256,25.6151,26.2441,26.1447,26.2762,26.008,26.0149,26.2002,26.333,26.4477,26.2038,25.5169,26.0846
25.7256,25.6151,26.2441,26.1447,26.2762,26.008,26.0149,26.2002,26.333,26.4477,26.2038,25.5169,26.0846
25.7749,25.6249,26.2578,26.1583,26.3813,26.0198,26.0264,26.2037,26.3526,26.4498,26.2076,25.6611,26.1563
25.7749,25.6249,26.2578,26.1583,26.3813,26.0198,26.0264,26.2037,26.3526,26.4498,26.2076,25.6611,26.1563
25.7922,25.6498,26.2664,26.1811,26.399,26.0334,26.0386,26.2198,26.362,26.4565,26.2165,25.693,26.2203
25.7922,25.6498,26.2664,26.1811,26.399,26.0334,26.0386,26.2198,26.362,26.4565,26.2165,25.693,26.2203
25.8153,25.671,26.2764,26.2079,26.3973,26.0921,26.0425,26.2682,26.3828,26.4798,26.2287,25.701,26.258
25.8153,25.671,26.2764,26.2079,26.3973,26.0921,26.0425,26.2682,26.3828,26.4798,26.2287,25.701,26.258
25.8167,25.6738,26.2957,26.2587,26.4098,26.139,26.0603,26.2866,26.3961,26.4978,26.2523,25.7121,26.2723
25.8167,25.6738,26.2957,26.2587,26.4098,26.139,26.0603,26.2866,26.3961,26.4978,26.2523,25.7121,26.2723
25.8169,25.6857,26.3377,26.2762,26.4113,26.1877,26.1056,26.2887,26.4022,26.5077,26.2829,25.7558,26.2866
25.8169,25.6857,26.3377,26.2762,26.4113,26.1877,26.1056,26.2887,26.4022,26.5077,26.2829,25.7558,26.2866
25.8235,25.7425,26.364,26.2925,26.4094,26.2484,26.131,26.288,26.4084,26.5142,26.3306,25.7787,26.2981
25.8235,25.7425,26.364,26.2925,26.4094,26.2484,26.131,26.288,26.4084,26.5142,26.3306,25.7787,26.2981
25.864,25.8263,26.3653,26.2903,26.4067,26.2626,26.133,26.2888,26.4126,26.5181,26.3614,25.8563,26.3225
25.864,25.8263,26.3653,26.2903,26.4067,26.2626,26.133,26.2888,26.4126,26.5181,26.3614,25.8563,26.3225
25.9485,25.8771,26.3709,26.2966,26.4052,26.3194,26.1332,26.2894,26.4198,26.5214,26.3863,25.9173,26.4286
25.9485,25.8771,26.3709,26.2966,26.4052,26.3194,26.1332,26.2894,26.4198,26.5214,26.3863,25.9173,26.4286
26.0161,25.9055,26.3761,26.3134,26.4045,26.3305,26.1428,26.3037,26.4275,26.5213,26.3984,25.9448,26.453
26.0161,25.9055,26.3761,26.3134,26.4045,26.3305,26.1428,26.3037,26.4275,26.5213,26.3984,25.9448,26.453
26.0114,25.9562,26.3827,26.3614,26.4041,26.3336,26.152,26.3148,26.432,26.5213,26.4213,25.9569,26.472
26.0114,25.9562,26.3827,26.3614,26.4041,26.3336,26.152,26.3148,26.432,26.5213,26.4213,25.9569,26.472
26.0117,25.9747,26.386,26.3697,26.4048,26.3385,26.1547,26.3143,26.4347,26.5212,26.4527,25.9976,26.5104
26.0117,25.9747,26.386,26.3697,26.4048,26.3385,26.1547,26.3143,26.4347,26.5212,26.4527,25.9976,26.5104
26.017,25.9984,26.3989,26.3755,26.4208,26.3446,26.1569,26.3388,26.4407,26.5214,26.4677,26.1003,26.5251
26.017,25.9984,26.3989,26.3755,26.4208,26.3446,26.1569,26.3388,26.4407,26.5214,26.4677,26.1003,26.5251
26.017,25.9984,26.3989,26.3755,26.4208,26.3446,26.1569,26.3388,26.4407,26.5214,26.4677,26.1003,26.5251
26.02,26.0091,26.4164,26.3986,26.4412,26.351,26.1597,26.3654,26.445,26.5215,26.4778,26.1319,26.5382
26.02,26.0091,26.4164,26.3986,26.4412,26.351,26.1597,26.3654,26.445,26.5215,26.4778,26.1319,26.5382
26.0197,26.0115,26.4545,26.406,26.4474,26.3566,26.1589,26.3806,26.4518,26.5218,26.487,26.1628,26.5514
26.0197,26.0115,26.4545,26.406,26.4474,26.3566,26.1589,26.3806,26.4518,26.5218,26.487,26.1628,26.5514
26.0186,26.0284,26.4734,26.4138,26.4459,26.3631,26.2014,26.3921,26.455,26.5221,26.4926,26.2061,26.5719
26.0186,26.0284,26.4734,26.4138,26.4459,26.3631,26.2014,26.3921,26.455,26.5221,26.4926,26.2061,26.5719
26.0179,26.0438,26.486,26.4156,26.4456,26.3728,26.2439,26.404,26.4582,26.5221,26.5001,26.2298,26.5827
26.0179,26.0438,26.486,26.4156,26.4456,26.3728,26.2439,26.404,26.4582,26.5221,26.5001,26.2298,26.5827
26.0185,26.0707,26.4921,26.4338,26.446,26.3917,26.2997,26.4143,26.4628,26.5223,26.5123,26.2443,26.5902
26.0185,26.0707,26.4921,26.4338,26.446,26.3917,26.2997,26.4143,26.4628,26.5223,26.5123,26.2443,26.5902
26.0551,26.0863,26.4987,26.4357,26.4457,26.3934,26.3221,26.4197,26.4677,26.5236,26.5263,26.2592,26.5991
26.0551,26.0863,26.4987,26.4357,26.4457,26.3934,26.3221,26.4197,26.4677,26.5236,26.5263,26.2592,26.5991
26.0772,26.1048,26.4991,26.4359,26.4454,26.3983,26.3314,26.4243,26.4713,26.5243,26.5376,26.2718,26.6054
26.0772,26.1048,26.4991,26.4359,26.4454,26.3983,26.3314,26.4243,26.4713,26.5243,26.5376,26.2718,26.6054
26.0745,26.1261,26.5058,26.4349,26.4457,26.4062,26.3459,26.4303,26.472,26.5254,26.5466,26.2883,26.6158
26.0745,26.1261,26.5058,26.4349,26.4457,26.4062,26.3459,26.4303,26.472,26.5254,26.5466,26.2883,26.6158
26.1132,26.1498,26.5045,26.4434,26.4461,26.4179,26.3672,26.4337,26.4735,26.5264,26.5534,26.2981,26.6273
26.1132,26.1498,26.5045,26.4434,26.4461,26.4179,26.3672,26.4337,26.4735,26.5264,26.5534,26.2981,26.6273
26.1718,26.1742,26.5037,26.4572,26.4503,26.422,26.3746,26.436,26.4819,26.5272,26.5588,26.3137,26.6428
26.1718,26.1742,26.5037,26.4572,26.4503,26.422,26.3746,26.436,26.4819,26.5272,26.5588,26.3137,26.6428
26.2078,26.2212,26.5054,26.4651,26.4536,26.4246,26.379,26.4382,26.4874,26.5273,26.5659,26.3268,26.6541
26.2078,26.2212,26.5054,26.4651,26.4536,26.4246,26.379,26.4382,26.4874,26.5273,26.5659,26.3268,26.6541
26.2811,26.2727,26.5089,26.4781,26.4567,26.4307,26.4017,26.4388,26.4864,26.5283,26.5713,26.3363,26.6584
26.2811,26.2727,26.5089,26.4781,26.4567,26.4307,26.4017,26.4388,26.4864,26.5283,26.5713,26.3363,26.6584
26.3082,26.3311,26.5133,26.486,26.4581,26.4358,26.4145,26.4389,26.4858,26.5294,26.5765,26.3488,26.6642
26.3082,26.3311,26.5133,26.486,26.4581,26.4358,26.4145,26.4389,26.4858,26.5294,26.5765,26.3488,26.6642
26.3142,26.3376,26.5153,26.4881,26.4593,26.44,26.4244,26.4397,26.4862,26.5316,26.5766,26.3591,26.666
26.3142,26.3376,26.5153,26.4881,26.4593,26.44,26.4244,26.4397,26.4862,26.5316,26.5766,26.3591,26.666
26.3273,26.3575,26.519,26.4873,26.4596,26.4467,26.4257,26.4456,26.4891,26.5343,26.5772,26.3718,26.6744
26.3273,26.3575,26.519,26.4873,26.4596,26.4467,26.4257,26.4456,26.4891,26.5343,26.5772,26.3718,26.6744
26.347,26.3651,26.522,26.4948,26.4604,26.453,26.4275,26.4598,26.4922,26.5342,26.5804,26.3812,26.6833
26.347,26.3651,26.522,26.4948,26.4604,26.453,26.4275,26.4598,26.4922,26.5342,26.5804,26.3812,26.6833
26.3955,26.38,26.5281,26.4959,26.4603,26.4532,26.4282,26.4759,26.4948,26.5343,26.5828,26.4281,26.6945
26.3955,26.38,26.5281,26.4959,26.4603,26.4532,26.4282,26.4759,26.4948,26.5343,26.5828,26.4281,26.6945
26.4164,26.4356,26.5367,26.4961,26.46,26.4535,26.4323,26.4818,26.4993,26.5344,26.584,26.4706,26.6988
26.4164,26.4356,26.5367,26.4961,26.46,26.4535,26.4323,26.4818,26.4993,26.5344,26.584,26.4706,26.6988
26.4152,26.4533,26.5404,26.4968,26.46,26.4541,26.4388,26.4813,26.503,26.535,26.5886,26.4926,26.7044
26.4152,26.4533,26.5404,26.4968,26.46,26.4541,26.4388,26.4813,26.503,26.535,26.5886,26.4926,26.7044
26.4152,26.4623,26.5429,26.4969,26.46,26.4549,26.4456,26.4813,26.5086,26.5355,26.6004,26.5069,26.7119
26.4152,26.4623,26.5429,26.4969,26.46,26.4549,26.4456,26.4813,26.5086,26.5355,26.6004,26.5069,26.7119
26.419,26.4717,26.5429,26.4964,26.462,26.4556,26.4503,26.4816,26.5139,26.5361,26.6077,26.5214,26.7187
26.419,26.4717,26.5429,26.4964,26.462,26.4556,26.4503,26.4816,26.5139,26.5361,26.6077,26.5214,26.7187
26.4282,26.4848,26.5427,26.4965,26.4665,26.4567,26.4565,26.481,26.5153,26.5369,26.6201,26.5387,26.7184
26.4282,26.4848,26.5427,26.4965,26.4665,26.4567,26.4565,26.481,26.5153,26.5369,26.6201,26.5387,26.7184
26.4282,26.489,26.543,26.4966,26.4695,26.46,26.4618,26.4841,26.5161,26.5402,26.6262,26.5499,26.7182
26.4282,26.489,26.543,26.4966,26.4695,26.46,26.4618,26.4841,26.5161,26.5402,26.6262,26.5499,26.7182
26.4303,26.4891,26.543,26.4961,26.4706,26.4619,26.4626,26.4857,26.5162,26.5443,26.6312,26.5575,26.7183
26.4303,26.4891,26.543,26.4961,26.4706,26.4619,26.4626,26.4857,26.5162,26.5443,26.6312,26.5575,26.7183
26.4431,26.4894,26.5432,26.4958,26.4713,26.4624,26.4623,26.4859,26.5162,26.5464,26.6387,26.5687,26.719
26.4431,26.4894,26.5432,26.4958,26.4713,26.4624,26.4623,26.4859,26.5162,26.5464,26.6387,26.5687,26.719
26.4749,26.4896,26.5479,26.4958,26.4719,26.4632,26.4623,26.4916,26.5182,26.5465,26.6408,26.5763,26.7195
26.4749,26.4896,26.5479,26.4958,26.4719,26.4632,26.4623,26.4916,26.5182,26.5465,26.6408,26.5763,26.7195
26.4926,26.4934,26.5498,26.4957,26.4741,26.464,26.4628,26.4976,26.5259,26.546,26.6453,26.5821,26.7208
26.4926,26.4934,26.5498,26.4957,26.4741,26.464,26.4628,26.4976,26.5259,26.546,26.6453,26.5821,26.7208
26.4941,26.4962,26.5503,26.4956,26.4748,26.465,26.4671,26.5023,26.5251,26.5463,26.6535,26.589,26.7228
26.4941,26.4962,26.5503,26.4956,26.4748,26.465,26.4671,26.5023,26.5251,26.5463,26.6535,26.589,26.7228
26.4955,26.4996,26.5502,26.496,26.4755,26.4661,26.4698,26.5041,26.5243,26.5463,26.659,26.6009,26.726
26.4955,26.4996,26.5502,26.496,26.4755,26.4661,26.4698,26.5041,26.5243,26.5463,26.659,26.6009,26.726
26.4969,26.5006,26.5559,26.4964,26.477,26.467,26.47,26.5062,26.5244,26.5468,26.6638,26.6143,26.7325
26.4969,26.5006,26.5559,26.4964,26.477,26.467,26.47,26.5062,26.5244,26.5468,26.6638,26.6143,26.7325
26.5105,26.5033,26.5637,26.4966,26.4778,26.467,26.4732,26.5094,26.5251,26.5489,26.6657,26.6247,26.7355
26.5105,26.5033,26.5637,26.4966,26.4778,26.467,26.4732,26.5094,26.5251,26.5489,26.6657,26.6247,26.7355
26.5295,26.5132,26.5661,26.4966,26.4813,26.4668,26.4778,26.5145,26.5509,26.5506,26.6678,26.6448,26.7417
26.5295,26.5132,26.5661,26.4966,26.4813,26.4668,26.4778,26.5145,26.5509,26.5506,26.6678,26.6448,26.7417
26.5464,26.5169,26.5665,26.4966,26.487,26.4679,26.4918,26.5187,26.56,26.5533,26.6684,26.6515,26.7438
26.5464,26.5169,26.5665,26.4966,26.487,26.4679,26.4918,26.5187,26.56,26.5533,26.6684,26.6515,26.7438
26.557,26.5188,26.5674,26.4964,26.4918,26.4713,26.496,26.5253,26.5649,26.56,26.6709,26.6545,26.747
26.557,26.5188,26.5674,26.4964,26.4918,26.4713,26.496,26.5253,26.5649,26.56,26.6709,26.6545,26.747
26.5589,26.5242,26.5676,26.4966,26.4994,26.4733,26.4979,26.5315,26.5761,26.5661,26.6733,26.6566,26.749
26.5589,26.5242,26.5676,26.4966,26.4994,26.4733,26.4979,26.5315,26.5761,26.5661,26.6733,26.6566,26.749
26.5584,26.5413,26.5695,26.4976,26.5054,26.4791,26.4996,26.5429,26.5859,26.5683,26.674,26.6606,26.7516
26.5584,26.5413,26.5695,26.4976,26.5054,26.4791,26.4996,26.5429,26.5859,26.5683,26.674,26.6606,26.7516
26.5591,26.5583,26.5719,26.4993,26.5147,26.4848,26.5023,26.5443,26.5935,26.5703,26.6754,26.6731,26.7577
26.5591,26.5583,26.5719,26.4993,26.5147,26.4848,26.5023,26.5443,26.5935,26.5703,26.6754,26.6731,26.7577
26.5606,26.5719,26.5757,26.5001,26.5214,26.4903,26.5028,26.5479,26.5929,26.5779,26.6823,26.6805,26.7613
26.5606,26.5719,26.5757,26.5001,26.5214,26.4903,26.5028,26.5479,26.5929,26.5779,26.6823,26.6805,26.7613
26.5659,26.5825,26.58,26.5009,26.527,26.4963,26.5032,26.5527,26.5933,26.5833,26.6863,26.6867,26.7651
26.5659,26.5825,26.58,26.5009,26.527,26.4963,26.5032,26.5527,26.5933,26.5833,26.6863,26.6867,26.7651
26.5698,26.5997,26.582,26.5015,26.5272,26.5038,26.5043,26.5553,26.5934,26.5838,26.6883,26.6911,26.7676
26.5698,26.5997,26.582,26.5015,26.5272,26.5038,26.5043,26.5553,26.5934,26.5838,26.6883,26.6911,26.7676
26.572,26.6036,26.584,26.5028,26.5287,26.5121,26.5051,26.567,26.595,26.5848,26.6904,26.703,26.7686
26.572,26.6036,26.584,26.5028,26.5287,26.5121,26.5051,26.567,26.595,26.5848,26.6904,26.703,26.7686
26.5728,26.6138,26.5875,26.504,26.5295,26.5223,26.5065,26.5698,26.5954,26.5886,26.691,26.7091,26.7711
26.5728,26.6138,26.5875,26.504,26.5295,26.5223,26.5065,26.5698,26.5954,26.5886,26.691,26.7091,26.7711
26.5743,26.6355,26.5898,26.5051,26.5312,26.5286,26.51,26.5695,26.5966,26.5903,26.6934,26.7174,26.7752
26.5743,26.6355,26.5898,26.5051,26.5312,26.5286,26.51,26.5695,26.5966,26.5903,26.6934,26.7174,26.7752
26.5834,26.6455,26.5904,26.509,26.5319,26.5317,26.5108,26.5693,26.599,26.5906,26.6936,26.7285,26.7795
26.5834,26.6455,26.5904,26.509,26.5319,26.5317,26.5108,26.5693,26.599,26.5906,26.6936,26.7285,26.7795
26.6033,26.6462,26.5956,26.5099,26.5324,26.5338,26.5116,26.5705,26.604,26.5944,26.6946,26.7334,26.783
26.6033,26.6462,26.5956,26.5099,26.5324,26.5338,26.5116,26.5705,26.604,26.5944,26.6946,26.7334,26.783
26.6083,26.657,26.5983,26.5106,26.5326,26.5344,26.5135,26.5836,26.6153,26.5976,26.6972,26.7393,26.7839
26.6083,26.657,26.5983,26.5106,26.5326,26.5344,26.5135,26.5836,26.6153,26.5976,26.6972,26.7393,26.7839
26.6082,26.6642,26.6032,26.5107,26.5332,26.535,26.5215,26.6226,26.6178,26.601,26.6974,26.7441,26.7869
26.6082,26.6642,26.6032,26.5107,26.5332,26.535,26.5215,26.6226,26.6178,26.601,26.6974,26.7441,26.7869
26.6126,26.6663,26.6032,26.5109,26.5371,26.5354,26.5342,26.6581,26.6198,26.6045,26.6987,26.7461,26.7904
26.6126,26.6663,26.6032,26.5109,26.5371,26.5354,26.5342,26.6581,26.6198,26.6045,26.6987,26.7461,26.7904
26.6227,26.6685,26.6028,26.5119,26.5412,26.535,26.5403,26.6731,26.6251,26.6084,26.703,26.7516,26.793
26.6227,26.6685,26.6028,26.5119,26.5412,26.535,26.5403,26.6731,26.6251,26.6084,26.703,26.7516,26.793
26.6236,26.6726,26.6049,26.5126,26.5418,26.5348,26.5427,26.6805,26.6287,26.6145,26.7084,26.7579,26.7957
26.6236,26.6726,26.6049,26.5126,26.5418,26.5348,26.5427,26.6805,26.6287,26.6145,26.7084,26.7579,26.7957
26.6274,26.6717,26.61,26.513,26.5474,26.5366,26.5439,26.6853,26.6308,26.6184,26.7139,26.7618,26.7994
26.6274,26.6717,26.61,26.513,26.5474,26.5366,26.5439,26.6853,26.6308,26.6184,26.7139,26.7618,26.7994
26.6354,26.6838,26.6118,26.514,26.5557,26.5399,26.5456,26.6869,26.6329,26.6263,26.7196,26.7661,26.8007
26.6354,26.6838,26.6118,26.514,26.5557,26.5399,26.5456,26.6869,26.6329,26.6263,26.7196,26.7661,26.8007
26.6408,26.6887,26.6126,26.5183,26.5587,26.5423,26.5487,26.6941,26.6369,26.6297,26.7234,26.7658,26.8015
26.6408,26.6887,26.6126,26.5183,26.5587,26.5423,26.5487,26.6941,26.6369,26.6297,26.7234,26.7658,26.8015
26.6448,26.6926,26.6134,26.52,26.5595,26.553,26.5594,26.7003,26.6442,26.6327,26.727,26.7689,26.8079
26.6448,26.6926,26.6134,26.52,26.5595,26.553,26.5594,26.7003,26.6442,26.6327,26.727,26.7689,26.8079
26.6448,26.6926,26.6134,26.52,26.5595,26.553,26.5594,26.7003,26.6442,26.6327,26.727,26.7689,26.8079
26.6467,26.6966,26.615,26.5216,26.56,26.557,26.569,26.7009,26.6469,26.6352,26.7276,26.7753,26.8143
26.6467,26.6966,26.615,26.5216,26.56,26.557,26.569,26.7009,26.6469,26.6352,26.7276,26.7753,26.8143
26.6471,26.701,26.6196,26.5226,26.561,26.5573,26.5835,26.7051,26.6477,26.6402,26.7301,26.7804,26.817
26.6471,26.701,26.6196,26.5226,26.561,26.5573,26.5835,26.7051,26.6477,26.6402,26.7301,26.7804,26.817
26.6479,26.7063,26.6204,26.5235,26.5615,26.5569,26.5924,26.723,26.6482,26.6444,26.7309,26.7853,26.8238
26.6479,26.7063,26.6204,26.5235,26.5615,26.5569,26.5924,26.723,26.6482,26.6444,26.7309,26.7853,26.8238
26.6488,26.7095,26.6215,26.524,26.5622,26.5565,26.6014,26.727,26.6506,26.648,26.7315,26.7915,26.829
26.6488,26.7095,26.6215,26.524,26.5622,26.5565,26.6014,26.727,26.6506,26.648,26.7315,26.7915,26.829
26.6488,26.7152,26.6222,26.5243,26.564,26.5569,26.6091,26.7359,26.6517,26.6487,26.7334,26.7962,26.8321
26.6488,26.7152,26.6222,26.5243,26.564,26.5569,26.6091,26.7359,26.6517,26.6487,26.7334,26.7962,26.8321
26.649,26.7184,26.6258,26.5252,26.5677,26.562,26.6178,26.7377,26.6521,26.6522,26.7366,26.8007,26.8338
26.649,26.7184,26.6258,26.5252,26.5677,26.562,26.6178,26.7377,26.6521,26.6522,26.7366,26.8007,26.8338
26.6574,26.7223,26.626,26.5269,26.5682,26.5636,26.6289,26.7374,26.6532,26.6589,26.7443,26.8043,26.8358
26.6574,26.7223,26.626,26.5269,26.5682,26.5636,26.6289,26.7374,26.6532,26.6589,26.7443,26.8043,26.8358
26.6776,26.7257,26.6259,26.5284,26.5689,26.5658,26.6393,26.7375,26.6556,26.66,26.7466,26.8055,26.8367
26.6776,26.7257,26.6259,26.5284,26.5689,26.5658,26.6393,26.7375,26.6556,26.66,26.7466,26.8055,26.8367
26.6877,26.7336,26.6265,26.5287,26.5694,26.57,26.6469,26.7388,26.6627,26.6627,26.7502,26.8071,26.8399
26.6877,26.7336,26.6265,26.5287,26.5694,26.57,26.6469,26.7388,26.6627,26.6627,26.7502,26.8071,26.8399
26.693,26.7427,26.6306,26.53,26.5714,26.574,26.6583,26.7405,26.6655,26.6657,26.7547,26.8085,26.8418
26.693,26.7427,26.6306,26.53,26.5714,26.574,26.6583,26.7405,26.6655,26.6657,26.7547,26.8085,26.8418
26.7105,26.7473,26.6345,26.5317,26.5745,26.5806,26.6612,26.74,26.6672,26.6674,26.7588,26.809,26.8422
26.7105,26.7473,26.6345,26.5317,26.5745,26.5806,26.6612,26.74,26.6672,26.6674,26.7588,26.809,26.8422
26.7152,26.748,26.6373,26.5358,26.576,26.5859,26.661,26.7399,26.6694,26.6675,26.7611,26.8144,26.8444
26.7152,26.748,26.6373,26.5358,26.576,26.5859,26.661,26.7399,26.6694,26.6675,26.7611,26.8144,26.8444
26.7189,26.7482,26.6413,26.5366,26.5767,26.5878,26.6607,26.7398,26.6727,26.67,26.7636,26.8159,26.8458
26.7189,26.7482,26.6413,26.5366,26.5767,26.5878,26.6607,26.7398,26.6727,26.67,26.7636,26.8159,26.8458
26.7253,26.7485,26.6445,26.5369,26.5764,26.5887,26.6608,26.7395,26.6775,26.6734,26.7662,26.818,26.8467
26.7253,26.7485,26.6445,26.5369,26.5764,26.5887,26.6608,26.7395,26.6775,26.6734,26.7662,26.818,26.8467
26.7413,26.75,26.6487,26.5367,26.5768,26.593,26.6606,26.739,26.6851,26.6742,26.7709,26.8216,26.848
26.7413,26.75,26.6487,26.5367,26.5768,26.593,26.6606,26.739,26.6851,26.6742,26.7709,26.8216,26.848
26.7577,26.7529,26.6538,26.5368,26.5774,26.6,26.6602,26.7389,26.6918,26.675,26.7761,26.8224,26.8496
26.7577,26.7529,26.6538,26.5368,26.5774,26.6,26.6602,26.7389,26.6918,26.675,26.7761,26.8224,26.8496
26.7616,26.7623,26.6575,26.5373,26.5777,26.6022,26.66,26.7389,26.6954,26.676,26.7775,26.8233,26.8514
26.7616,26.7623,26.6575,26.5373,26.5777,26.6022,26.66,26.7389,26.6954,26.676,26.7775,26.8233,26.8514
26.7659,26.7631,26.663,26.5394,26.5805,26.6031,26.6599,26.7389,26.6972,26.6781,26.7782,26.825,26.8539
26.7659,26.7631,26.663,26.5394,26.5805,26.6031,26.6599,26.7389,26.6972,26.6781,26.7782,26.825,26.8539
26.7689,26.7632,26.666,26.5425,26.5828,26.6043,26.6599,26.7386,26.7043,26.6806,26.7779,26.8258,26.8556
26.7689,26.7632,26.666,26.5425,26.5828,26.6043,26.6599,26.7386,26.7043,26.6806,26.7779,26.8258,26.8556
26.7696,26.7645,26.6807,26.5468,26.5849,26.6052,26.66,26.7384,26.7061,26.6827,26.7791,26.8269,26.8582
26.7696,26.7645,26.6807,26.5468,26.5849,26.6052,26.66,26.7384,26.7061,26.6827,26.7791,26.8269,26.8582
26.7717,26.7681,26.695,26.5503,26.5875,26.6058,26.6598,26.7384,26.707,26.6876,26.7804,26.8298,26.8603
26.7717,26.7681,26.695,26.5503,26.5875,26.6058,26.6598,26.7384,26.707,26.6876,26.7804,26.8298,26.8603
26.7732,26.7707,26.7094,26.5511,26.5884,26.6062,26.6598,26.7382,26.7098,26.6931,26.7795,26.8331,26.8626
26.7732,26.7707,26.7094,26.5511,26.5884,26.6062,26.6598,26.7382,26.7098,26.6931,26.7795,26.8331,26.8626
26.7744,26.7791,26.7184,26.5538,26.5901,26.6061,26.6597,26.7382,26.7119,26.7014,26.7851,26.8342,26.8644
26.7744,26.7791,26.7184,26.5538,26.5901,26.6061,26.6597,26.7382,26.7119,26.7014,26.7851,26.8342,26.8644
26.775,26.7828,26.7212,26.5581,26.593,26.6066,26.6599,26.7381,26.7145,26.7028,26.788,26.8348,26.8662
26.775,26.7828,26.7212,26.5581,26.593,26.6066,26.6599,26.7381,26.7145,26.7028,26.788,26.8348,26.8662
26.7799,26.787,26.7249,26.56,26.5936,26.6087,26.6597,26.7381,26.7149,26.7038,26.7884,26.8356,26.8676
26.7799,26.787,26.7249,26.56,26.5936,26.6087,26.6597,26.7381,26.7149,26.7038,26.7884,26.8356,26.8676
26.7869,26.7924,26.7256,26.5606,26.5939,26.6108,26.6598,26.7378,26.7155,26.7044,26.7899,26.8369,26.8699
26.7869,26.7924,26.7256,26.5606,26.5939,26.6108,26.6598,26.7378,26.7155,26.7044,26.7899,26.8369,26.8699
26.7872,26.797,26.727,26.5608,26.5945,26.6126,26.6594,26.7378,26.7219,26.7057,26.7926,26.8386,26.8721
26.7872,26.797,26.727,26.5608,26.5945,26.6126,26.6594,26.7378,26.7219,26.7057,26.7926,26.8386,26.8721
26.7872,26.7982,26.7305,26.5611,26.5959,26.6126,26.6809,26.7383,26.7233,26.7084,26.7968,26.8393,26.8732
26.7872,26.7982,26.7305,26.5611,26.5959,26.6126,26.6809,26.7383,26.7233,26.7084,26.7968,26.8393,26.8732
26.79,26.7995,26.7335,26.5644,26.5988,26.6149,26.7122,26.7384,26.7234,26.7103,26.8028,26.8398,26.8749
26.79,26.7995,26.7335,26.5644,26.5988,26.6149,26.7122,26.7384,26.7234,26.7103,26.8028,26.8398,26.8749
26.793,26.8025,26.7367,26.5698,26.6054,26.6192,26.7285,26.7383,26.7245,26.7122,26.8085,26.8409,26.8758
26.793,26.8025,26.7367,26.5698,26.6054,26.6192,26.7285,26.7383,26.7245,26.7122,26.8085,26.8409,26.8758
26.7964,26.8056,26.7381,26.5771,26.6071,26.6208,26.732,26.7383,26.7284,26.7129,26.8122,26.8424,26.8773
26.7964,26.8056,26.7381,26.5771,26.6071,26.6208,26.732,26.7383,26.7284,26.7129,26.8122,26.8424,26.8773
26.8038,26.8089,26.7392,26.5823,26.6089,26.6247,26.7338,26.7384,26.7349,26.7159,26.8148,26.844,26.8776
26.8038,26.8089,26.7392,26.5823,26.6089,26.6247,26.7338,26.7384,26.7349,26.7159,26.8148,26.844,26.8776
26.8062,26.8112,26.7394,26.584,26.6177,26.6314,26.7371,26.7383,26.7368,26.7164,26.8166,26.8467,26.8779
26.8062,26.8112,26.7394,26.584,26.6177,26.6314,26.7371,26.7383,26.7368,26.7164,26.8166,26.8467,26.8779
26.8061,26.8136,26.7401,26.5887,26.623,26.642,26.7375,26.7386,26.7375,26.7179,26.8182,26.8495,26.879
26.8061,26.8136,26.7401,26.5887,26.623,26.642,26.7375,26.7386,26.7375,26.7179,26.8182,26.8495,26.879
26.8061,26.8149,26.7406,26.5897,26.6248,26.6644,26.7372,26.7389,26.7382,26.7184,26.8201,26.8516,26.8801
26.8061,26.8149,26.7406,26.5897,26.6248,26.6644,26.7372,26.7389,26.7382,26.7184,26.8201,26.8516,26.8801
26.8061,26.8173,26.7429,26.5914,26.6262,26.6705,26.7383,26.7389,26.7384,26.7219,26.8216,26.8513,26.8811
26.8061,26.8173,26.7429,26.5914,26.6262,26.6705,26.7383,26.7389,26.7384,26.7219,26.8216,26.8513,26.8811
26.8076,26.8189,26.7484,26.5933,26.6462,26.7042,26.7386,26.7397,26.7384,26.7259,26.823,26.8528,26.8845
26.8076,26.8189,26.7484,26.5933,26.6462,26.7042,26.7386,26.7397,26.7384,26.7259,26.823,26.8528,26.8845
26.8091,26.82,26.7599,26.5942,26.6595,26.7157,26.7387,26.7404,26.7385,26.7258,26.8246,26.8537,26.8863
26.8091,26.82,26.7599,26.5942,26.6595,26.7157,26.7387,26.7404,26.7385,26.7258,26.8246,26.8537,26.8863
26.8119,26.8198,26.7682,26.5952,26.6633,26.7158,26.7435,26.7416,26.7386,26.7275,26.8266,26.8549,26.8886
26.8119,26.8198,26.7682,26.5952,26.6633,26.7158,26.7435,26.7416,26.7386,26.7275,26.8266,26.8549,26.8886
26.8192,26.821,26.7701,26.5982,26.6693,26.7157,26.7449,26.744,26.7391,26.7439,26.8283,26.8576,26.8908
26.8192,26.821,26.7701,26.5982,26.6693,26.7157,26.7449,26.744,26.7391,26.7439,26.8283,26.8576,26.8908
26.8299,26.8254,26.77,26.6001,26.6719,26.7164,26.7539,26.7475,26.7398,26.7491,26.8304,26.8585,26.8911
26.8299,26.8254,26.77,26.6001,26.6719,26.7164,26.7539,26.7475,26.7398,26.7491,26.8304,26.8585,26.8911
26.8294,26.8322,26.7698,26.601,26.6729,26.7159,26.7765,26.7496,26.7404,26.7523,26.8349,26.8628,26.8918
26.8294,26.8322,26.7698,26.601,26.6729,26.7159,26.7765,26.7496,26.7404,26.7523,26.8349,26.8628,26.8918
26.8306,26.8364,26.77,26.6029,26.6754,26.7158,26.7778,26.7507,26.7408,26.7535,26.8373,26.8645,26.8931
26.8306,26.8364,26.77,26.6029,26.6754,26.7158,26.7778,26.7507,26.7408,26.7535,26.8373,26.8645,26.8931
26.8319,26.8393,26.7703,26.6061,26.6769,26.7165,26.7794,26.755,26.7418,26.7538,26.8398,26.865,26.8949
26.8319,26.8393,26.7703,26.6061,26.6769,26.7165,26.7794,26.755,26.7418,26.7538,26.8398,26.865,26.8949
26.8322,26.8434,26.7709,26.617,26.6799,26.7169,26.7805,26.7581,26.7423,26.7538,26.8409,26.8673,26.8958
26.8322,26.8434,26.7709,26.617,26.6799,26.7169,26.7805,26.7581,26.7423,26.7538,26.8409,26.8673,26.8958
26.8329,26.8488,26.7722,26.623,26.6814,26.718,26.7849,26.7615,26.7459,26.7535,26.8429,26.8688,26.8959
26.8329,26.8488,26.7722,26.623,26.6814,26.718,26.7849,26.7615,26.7459,26.7535,26.8429,26.8688,26.8959
26.8366,26.855,26.7756,26.6277,26.6845,26.7182,26.7924,26.762,26.7472,26.7535,26.8452,26.8713,26.8982
26.8366,26.855,26.7756,26.6277,26.6845,26.7182,26.7924,26.762,26.7472,26.7535,26.8452,26.8713,26.8982
26.8402,26.8552,26.7813,26.6278,26.6851,26.7179,26.7937,26.7623,26.7487,26.7571,26.8472,26.8728,26.8983
26.8402,26.8552,26.7813,26.6278,26.6851,26.7179,26.7937,26.7623,26.7487,26.7571,26.8472,26.8728,26.8983
26.8474,26.8557,26.7835,26.6278,26.6869,26.7177,26.7937,26.7633,26.7507,26.7666,26.8483,26.8739,26.9006
26.8474,26.8557,26.7835,26.6278,26.6869,26.7177,26.7937,26.7633,26.7507,26.7666,26.8483,26.8739,26.9006
26.8556,26.8605,26.7837,26.6275,26.6935,26.7178,26.7944,26.7649,26.7517,26.7702,26.8518,26.8762,26.9028
26.8556,26.8605,26.7837,26.6275,26.6935,26.7178,26.7944,26.7649,26.7517,26.7702,26.8518,26.8762,26.9028
26.8714,26.8628,26.784,26.6273,26.7004,26.718,26.7976,26.7667,26.7521,26.7699,26.8563,26.8787,26.9047
26.8714,26.8628,26.784,26.6273,26.7004,26.718,26.7976,26.7667,26.7521,26.7699,26.8563,26.8787,26.9047
26.8753,26.8637,26.7864,26.6272,26.708,26.7182,26.8015,26.7685,26.7523,26.7704,26.8613,26.8819,26.9068
26.8753,26.8637,26.7864,26.6272,26.708,26.7182,26.8015,26.7685,26.7523,26.7704,26.8613,26.8819,26.9068
26.8752,26.8668,26.79,26.6324,26.7107,26.7183,26.8068,26.7701,26.7528,26.7699,26.8639,26.884,26.9101
26.8752,26.8668,26.79,26.6324,26.7107,26.7183,26.8068,26.7701,26.7528,26.7699,26.8639,26.884,26.9101
26.8752,26.8668,26.79,26.6324,26.7107,26.7183,26.8068,26.7701,26.7528,26.7699,26.8639,26.884,26.9101
26.879,26.8708,26.7923,26.6451,26.7198,26.7203,26.8112,26.7715,26.7537,26.7749,26.8673,26.8843,26.9117
26.879,26.8708,26.7923,26.6451,26.7198,26.7203,26.8112,26.7715,26.7537,26.7749,26.8673,26.8843,26.9117
26.8859,26.8754,26.7956,26.6545,26.728,26.7271,26.8131,26.775,26.7537,26.7787,26.8698,26.8852,26.9145
26.8859,26.8754,26.7956,26.6545,26.728,26.7271,26.8131,26.775,26.7537,26.7787,26.8698,26.8852,26.9145
26.8885,26.8767,26.7986,26.6627,26.7288,26.7355,26.8133,26.7789,26.7551,26.7836,26.8712,26.8885,26.9176
26.8885,26.8767,26.7986,26.6627,26.7288,26.7355,26.8133,26.7789,26.7551,26.7836,26.8712,26.8885,26.9176
26.8892,26.8787,26.8044,26.6628,26.7295,26.7623,26.8141,26.7884,26.7579,26.7848,26.8724,26.8941,26.9189
26.8892,26.8787,26.8044,26.6628,26.7295,26.7623,26.8141,26.7884,26.7579,26.7848,26.8724,26.8941,26.9189
26.8915,26.8821,26.8127,26.6648,26.7299,26.7795,26.8146,26.7972,26.7598,26.7847,26.8739,26.8968,26.9205
26.8915,26.8821,26.8127,26.6648,26.7299,26.7795,26.8146,26.7972,26.7598,26.7847,26.8739,26.8968,26.9205
26.8986,26.8879,26.8203,26.6693,26.7339,26.7835,26.8171,26.7987,26.7654,26.7844,26.8763,26.8993,26.9214
26.8986,26.8879,26.8203,26.6693,26.7339,26.7835,26.8171,26.7987,26.7654,26.7844,26.8763,26.8993,26.9214
26.906,26.893,26.8233,26.6719,26.7417,26.7848,26.8313,26.7999,26.7686,26.785,26.878,26.9,26.9236
26.906,26.893,26.8233,26.6719,26.7417,26.7848,26.8313,26.7999,26.7686,26.785,26.878,26.9,26.9236
26.9072,26.8944,26.8241,26.6779,26.7583,26.7934,26.8377,26.8007,26.7805,26.7858,26.8794,26.9011,26.9244
26.9072,26.8944,26.8241,26.6779,26.7583,26.7934,26.8377,26.8007,26.7805,26.7858,26.8794,26.9011,26.9244
26.9077,26.8939,26.8257,26.6914,26.7692,26.7985,26.8423,26.8031,26.8022,26.7866,26.8864,26.902,26.9254
26.9077,26.8939,26.8257,26.6914,26.7692,26.7985,26.8423,26.8031,26.8022,26.7866,26.8864,26.902,26.9254
26.9085,26.8961,26.8292,26.703,26.7723,26.8012,26.8467,26.8031,26.8163,26.7884,26.891,26.9045,26.9282
26.9085,26.8961,26.8292,26.703,26.7723,26.8012,26.8467,26.8031,26.8163,26.7884,26.891,26.9045,26.9282
26.9155,26.9024,26.83,26.7064,26.7753,26.8023,26.8516,26.8193,26.8212,26.7919,26.8944,26.9108,26.9286
26.9155,26.9024,26.83,26.7064,26.7753,26.8023,26.8516,26.8193,26.8212,26.7919,26.8944,26.9108,26.9286
26.9234,26.9052,26.8367,26.7082,26.7885,26.8042,26.8573,26.827,26.8207,26.7952,26.8968,26.9174,26.9289
26.9234,26.9052,26.8367,26.7082,26.7885,26.8042,26.8573,26.827,26.8207,26.7952,26.8968,26.9174,26.9289
26.9269,26.9074,26.839,26.726,26.8039,26.8117,26.8664,26.8339,26.8208,26.8062,26.8995,26.9197,26.9304
26.9269,26.9074,26.839,26.726,26.8039,26.8117,26.8664,26.8339,26.8208,26.8062,26.8995,26.9197,26.9304
26.9305,26.9114,26.8408,26.7309,26.8069,26.8141,26.8701,26.8399,26.8258,26.8085,26.9026,26.9217,26.9315
26.9305,26.9114,26.8408,26.7309,26.8069,26.8141,26.8701,26.8399,26.8258,26.8085,26.9026,26.9217,26.9315
26.9331,26.9186,26.841,26.7439,26.8071,26.8155,26.8725,26.848,26.8429,26.8106,26.9071,26.9237,26.9329
26.9331,26.9186,26.841,26.7439,26.8071,26.8155,26.8725,26.848,26.8429,26.8106,26.9071,26.9237,26.9329
26.9336,26.9195,26.8459,26.757,26.8098,26.8284,26.8789,26.8569,26.8475,26.8124,26.9092,26.9252,26.9339
26.9336,26.9195,26.8459,26.757,26.8098,26.8284,26.8789,26.8569,26.8475,26.8124,26.9092,26.9252,26.9339
26.9362,26.9228,26.858,26.7609,26.8168,26.8333,26.9015,26.8612,26.8491,26.817,26.9121,26.9269,26.9356
26.9362,26.9228,26.858,26.7609,26.8168,26.8333,26.9015,26.8612,26.8491,26.817,26.9121,26.9269,26.9356
26.9387,26.9248,26.8621,26.7642,26.8218,26.8349,26.9228,26.8663,26.8534,26.8216,26.9141,26.9287,26.9365
26.9387,26.9248,26.8621,26.7642,26.8218,26.8349,26.9228,26.8663,26.8534,26.8216,26.9141,26.9287,26.9365
26.9385,26.9255,26.8668,26.7639,26.8239,26.8381,26.9272,26.8684,26.8661,26.8216,26.9157,26.9299,26.937
26.9385,26.9255,26.8668,26.7639,26.8239,26.8381,26.9272,26.8684,26.8661,26.8216,26.9157,26.9299,26.937
26.9411,26.9277,26.8694,26.7654,26.8256,26.8429,26.929,26.8765,26.8734,26.8229,26.9164,26.9313,26.9401
26.9411,26.9277,26.8694,26.7654,26.8256,26.8429,26.929,26.8765,26.8734,26.8229,26.9164,26.9313,26.9401
26.9447,26.9299,26.8708,26.7738,26.8269,26.8613,26.9292,26.8813,26.8853,26.8257,26.9165,26.9324,26.9417
26.9447,26.9299,26.8708,26.7738,26.8269,26.8613,26.9292,26.8813,26.8853,26.8257,26.9165,26.9324,26.9417
26.9455,26.933,26.8786,26.7884,26.8308,26.8714,26.9323,26.8825,26.8938,26.8276,26.9175,26.933,26.9433
26.9455,26.933,26.8786,26.7884,26.8308,26.8714,26.9323,26.8825,26.8938,26.8276,26.9175,26.933,26.9433
26.9461,26.9408,26.8806,26.7931,26.8425,26.8761,26.9345,26.8843,26.8999,26.8349,26.9227,26.9337,26.9445
26.9461,26.9408,26.8806,26.7931,26.8425,26.8761,26.9345,26.8843,26.8999,26.8349,26.9227,26.9337,26.9445
26.9466,26.9479,26.8854,26.7951,26.8457,26.8797,26.9415,26.8895,26.9052,26.8407,26.924,26.9359,26.9452
26.9466,26.9479,26.8854,26.7951,26.8457,26.8797,26.9415,26.8895,26.9052,26.8407,26.924,26.9359,26.9452
26.9485,26.9536,26.8908,26.7954,26.8497,26.8794,26.9432,26.894,26.9089,26.8425,26.9255,26.9375,26.9477
26.9485,26.9536,26.8908,26.7954,26.8497,26.8794,26.9432,26.894,26.9089,26.8425,26.9255,26.9375,26.9477
26.9491,26.9572,26.893,26.796,26.8538,26.879,26.9436,26.894,26.9142,26.8458,26.9273,26.9382,26.9488
26.9491,26.9572,26.893,26.796,26.8538,26.879,26.9436,26.894,26.9142,26.8458,26.9273,26.9382,26.9488
26.9497,26.9577,26.8929,26.7975,26.8584,26.8795,26.947,26.8947,26.9312,26.8551,26.9303,26.9394,26.9493
26.9497,26.9577,26.8929,26.7975,26.8584,26.8795,26.947,26.8947,26.9312,26.8551,26.9303,26.9394,26.9493
26.9497,26.9575,26.8937,26.7998,26.8623,26.8821,26.9521,26.8986,26.9425,26.8616,26.9323,26.9409,26.9498
26.9497,26.9575,26.8937,26.7998,26.8623,26.8821,26.9521,26.8986,26.9425,26.8616,26.9323,26.9409,26.9498
26.9512,26.9596,26.8942,26.8012,26.8659,26.8882,26.9559,26.9053,26.9481,26.8658,26.9325,26.9435,26.9522
26.9512,26.9596,26.8942,26.8012,26.8659,26.8882,26.9559,26.9053,26.9481,26.8658,26.9325,26.9435,26.9522
26.9535,26.9664,26.895,26.8008,26.8741,26.8914,26.9582,26.9078,26.9478,26.873,26.9343,26.9464,26.9539
26.9535,26.9664,26.895,26.8008,26.8741,26.8914,26.9582,26.9078,26.9478,26.873,26.9343,26.9464,26.9539
26.9537,26.9704,26.8971,26.8047,26.8793,26.8961,26.9589,26.9136,26.9508,26.8783,26.9352,26.9485,26.9562
26.9537,26.9704,26.8971,26.8047,26.8793,26.8961,26.9589,26.9136,26.9508,26.8783,26.9352,26.9485,26.9562
26.9562,26.9729,26.8978,26.8092,26.8804,26.8994,26.9593,26.9174,26.954,26.8845,26.9369,26.9498,26.9589
26.9562,26.9729,26.8978,26.8092,26.8804,26.8994,26.9593,26.9174,26.954,26.8845,26.9369,26.9498,26.9589
26.9573,26.9762,26.8986,26.831,26.8847,26.9075,26.9596,26.9302,26.9585,26.8909,26.942,26.9519,26.9626
26.9573,26.9762,26.8986,26.831,26.8847,26.9075,26.9596,26.9302,26.9585,26.8909,26.942,26.9519,26.9626
26.9586,26.9763,26.903,26.8436,26.888,26.9156,26.9607,26.9415,26.9596,26.8972,26.9453,26.9537,26.9622
26.9586,26.9763,26.903,26.8436,26.888,26.9156,26.9607,26.9415,26.9596,26.8972,26.9453,26.9537,26.9622
26.9691,26.9805,26.9047,26.8462,26.8886,26.9314,26.9624,26.9432,26.9627,26.9029,26.9467,26.9568,26.9627
26.9691,26.9805,26.9047,26.8462,26.8886,26.9314,26.9624,26.9432,26.9627,26.9029,26.9467,26.9568,26.9627
26.9796,26.9846,26.9081,26.877,26.8882,26.9367,26.9638,26.9487,26.9744,26.9125,26.9475,26.9605,26.9635
26.9796,26.9846,26.9081,26.877,26.8882,26.9367,26.9638,26.9487,26.9744,26.9125,26.9475,26.9605,26.9635
26.983,26.9863,26.9107,26.8917,26.8887,26.9399,26.9643,26.9524,26.9771,26.9132,26.9481,26.9633,26.9668
26.983,26.9863,26.9107,26.8917,26.8887,26.9399,26.9643,26.9524,26.9771,26.9132,26.9481,26.9633,26.9668
26.9832,26.9879,26.9137,26.896,26.8925,26.9442,26.965,26.9542,26.9798,26.9129,26.9494,26.9641,26.9694
26.9832,26.9879,26.9137,26.896,26.8925,26.9442,26.965,26.9542,26.9798,26.9129,26.9494,26.9641,26.9694
26.9837,26.9896,26.914,26.8966,26.8975,26.9461,26.9658,26.9567,26.9818,26.9126,26.9502,26.9668,26.9708
26.9837,26.9896,26.914,26.8966,26.8975,26.9461,26.9658,26.9567,26.9818,26.9126,26.9502,26.9668,26.9708
26.9857,26.9929,26.916,26.8974,26.9003,26.9508,26.9666,26.9605,26.9829,26.9133,26.9511,26.9676,26.9728
26.9857,26.9929,26.916,26.8974,26.9003,26.9508,26.9666,26.9605,26.9829,26.9133,26.9511,26.9676,26.9728
26.9872,26.9959,26.9194,26.8983,26.9042,26.9616,26.9675,26.9617,26.9836,26.9148,26.9525,26.9687,26.9755
26.9872,26.9959,26.9194,26.8983,26.9042,26.9616,26.9675,26.9617,26.9836,26.9148,26.9525,26.9687,26.9755
26.9889,26.9995,26.9214,26.9009,26.9087,26.968,26.9679,26.9639,26.988,26.9156,26.9551,26.9698,26.9771
26.9889,26.9995,26.9214,26.9009,26.9087,26.968,26.9679,26.9639,26.988,26.9156,26.9551,26.9698,26.9771
26.9902,27.0057,26.9223,26.9131,26.9127,26.9718,26.9684,26.9737,26.9916,26.916,26.9578,26.9711,26.9787
26.9902,27.0057,26.9223,26.9131,26.9127,26.9718,26.9684,26.9737,26.9916,26.916,26.9578,26.9711,26.9787
26.9929,27.0067,26.9324,26.9231,26.9229,26.9774,26.9686,26.9899,26.9912,26.9166,26.9625,26.973,26.9812
26.9929,27.0067,26.9324,26.9231,26.9229,26.9774,26.9686,26.9899,26.9912,26.9166,26.9625,26.973,26.9812
26.9964,27.0061,26.9407,26.9254,26.9339,26.9837,26.9687,26.9917,26.9912,26.9177,26.9667,26.9788,26.9837
26.9964,27.0061,26.9407,26.9254,26.9339,26.9837,26.9687,26.9917,26.9912,26.9177,26.9667,26.9788,26.9837
27.0004,27.0086,26.9432,26.9259,26.9367,26.9838,26.978,26.9946,26.9926,26.9191,26.9686,26.982,26.9854
27.0004,27.0086,26.9432,26.9259,26.9367,26.9838,26.978,26.9946,26.9926,26.9191,26.9686,26.982,26.9854
27.0064,27.0109,26.9448,26.9275,26.9449,26.9836,26.9909,26.9981,26.9936,26.9197,26.9722,26.9835,26.9869
27.0064,27.0109,26.9448,26.9275,26.9449,26.9836,26.9909,26.9981,26.9936,26.9197,26.9722,26.9835,26.9869
27.0132,27.0137,26.9451,26.9311,26.9504,26.9842,26.9985,27.0005,26.9944,26.9209,26.9747,26.986,26.9878
27.0132,27.0137,26.9451,26.9311,26.9504,26.9842,26.9985,27.0005,26.9944,26.9209,26.9747,26.986,26.9878
27.0157,27.0144,26.9478,26.9353,26.9563,26.9841,27.0027,27.0027,26.9953,26.9211,26.9752,26.9902,26.9888
27.0157,27.0144,26.9478,26.9353,26.9563,26.9841,27.0027,27.0027,26.9953,26.9211,26.9752,26.9902,26.9888
27.0159,27.0145,26.9524,26.9361,26.9567,26.9838,27.0032,27.0037,26.9961,26.9221,26.9758,26.9924,26.9893
27.0159,27.0145,26.9524,26.9361,26.9567,26.9838,27.0032,27.0037,26.9961,26.9221,26.9758,26.9924,26.9893
27.0163,27.0159,26.9592,26.9364,26.9575,26.9837,27.0032,27.0038,26.997,26.9227,26.9775,26.9933,26.9915
27.0163,27.0159,26.9592,26.9364,26.9575,26.9837,27.0032,27.0038,26.997,26.9227,26.9775,26.9933,26.9915
27.0177,27.0183,26.9624,26.9402,26.9591,26.9836,27.0031,27.004,26.9975,26.9225,26.9789,26.9963,26.9939
27.0177,27.0183,26.9624,26.9402,26.9591,26.9836,27.0031,27.004,26.9975,26.9225,26.9789,26.9963,26.9939
27.0191,27.0189,26.9642,26.9448,26.9606,26.9833,27.0027,27.0048,26.9983,26.9255,26.9802,26.9972,26.995
27.0191,27.0189,26.9642,26.9448,26.9606,26.9833,27.0027,27.0048,26.9983,26.9255,26.9802,26.9972,26.995
27.0228,27.02,26.966,26.9553,26.9622,26.9832,27.0026,27.0065,26.9988,26.9263,26.981,26.9979,26.9956
27.0228,27.02,26.966,26.9553,26.9622,26.9832,27.0026,27.0065,26.9988,26.9263,26.981,26.9979,26.9956
27.0228,27.02,26.966,26.9553,26.9622,26.9832,27.0026,27.0065,26.9988,26.9263,26.981,26.9979,26.9956
27.0226,27.0212,26.969,26.9572,26.9628,26.9834,27.0026,27.0068,26.9987,26.9271,26.9869,27.0037,26.9967
27.0226,27.0212,26.969,26.9572,26.9628,26.9834,27.0026,27.0068,26.9987,26.9271,26.9869,27.0037,26.9967
27.0225,27.0209,26.9709,26.959,26.9644,26.9927,27.0026,27.0089,26.9987,26.9318,26.9882,27.0048,26.9977
27.0225,27.0209,26.9709,26.959,26.9644,26.9927,27.0026,27.0089,26.9987,26.9318,26.9882,27.0048,26.9977
27.0225,27.0214,26.972,26.9628,26.9695,26.9956,27.0025,27.0102,26.999,26.9386,26.99,27.009,27.0003
27.0225,27.0214,26.972,26.9628,26.9695,26.9956,27.0025,27.0102,26.999,26.9386,26.99,27.009,27.0003
27.0223,27.0234,26.9815,26.9699,26.9727,26.9951,27.0025,27.0111,27.0002,26.942,26.9936,27.0111,27.0025
27.0223,27.0234,26.9815,26.9699,26.9727,26.9951,27.0025,27.0111,27.0002,26.942,26.9936,27.0111,27.0025
27.0226,27.0247,26.9897,26.975,26.9764,26.9948,27.0027,27.0136,27.0035,26.9441,26.9971,27.0121,27.0035
27.0226,27.0247,26.9897,26.975,26.9764,26.9948,27.0027,27.0136,27.0035,26.9441,26.9971,27.0121,27.0035
27.0226,27.0255,26.992,26.9772,26.98,26.9946,27.0028,27.0137,27.0046,26.9474,26.9987,27.0134,27.0064
27.0226,27.0255,26.992,26.9772,26.98,26.9946,27.0028,27.0137,27.0046,26.9474,26.9987,27.0134,27.0064
27.0229,27.0269,26.9931,26.9818,26.9839,26.9945,27.0027,27.0146,27.0046,26.9498,27.001,27.0139,27.0078
27.0229,27.0269,26.9931,26.9818,26.9839,26.9945,27.0027,27.0146,27.0046,26.9498,27.001,27.0139,27.0078
27.0229,27.0281,26.9939,26.99,26.9889,26.9944,27.0028,27.0141,27.0084,26.9634,27.0038,27.0155,27.0094
27.0229,27.0281,26.9939,26.99,26.9889,26.9944,27.0028,27.0141,27.0084,26.9634,27.0038,27.0155,27.0094
27.0228,27.0336,26.9941,26.9924,26.9899,26.9943,27.003,27.0151,27.0143,26.9703,27.0098,27.0187,27.0113
27.0228,27.0336,26.9941,26.9924,26.9899,26.9943,27.003,27.0151,27.0143,26.9703,27.0098,27.0187,27.0113
27.0231,27.0369,26.9995,26.9957,26.9905,26.9943,27.003,27.0158,27.0146,26.9753,27.0162,27.0213,27.0148
27.0231,27.0369,26.9995,26.9957,26.9905,26.9943,27.003,27.0158,27.0146,26.9753,27.0162,27.0213,27.0148
27.0232,27.038,27.0122,26.9993,26.9907,26.9942,27.0036,27.0161,27.0166,26.9834,27.023,27.0253,27.0192
27.0232,27.038,27.0122,26.9993,26.9907,26.9942,27.0036,27.0161,27.0166,26.9834,27.023,27.0253,27.0192
27.0243,27.0379,27.0174,26.9994,26.9912,26.9941,27.0068,27.0165,27.0198,26.986,27.0286,27.0301,27.0222
27.0243,27.0379,27.0174,26.9994,26.9912,26.9941,27.0068,27.0165,27.0198,26.986,27.0286,27.0301,27.0222
27.0259,27.0485,27.0186,27.0012,26.9923,26.9941,27.012,27.0168,27.0222,26.9878,27.032,27.032,27.0248
27.0259,27.0485,27.0186,27.0012,26.9923,26.9941,27.012,27.0168,27.0222,26.9878,27.032,27.032,27.0248
27.0269,27.0488,27.019,27.0106,26.9934,26.9942,27.0172,27.0189,27.0233,27.0009,27.0357,27.0339,27.0278
27.0269,27.0488,27.019,27.0106,26.9934,26.9942,27.0172,27.0189,27.0233,27.0009,27.0357,27.0339,27.0278
27.027,27.0493,27.0214,27.0148,26.9943,26.9942,27.0178,27.0214,27.0248,27.0058,27.0394,27.0383,27.0296
27.027,27.0493,27.0214,27.0148,26.9943,26.9942,27.0178,27.0214,27.0248,27.0058,27.0394,27.0383,27.0296
27.0314,27.0499,27.0291,27.0164,26.9956,26.9942,27.0196,27.0256,27.0258,27.0078,27.0432,27.0406,27.0316
27.0314,27.0499,27.0291,27.0164,26.9956,26.9942,27.0196,27.0256,27.0258,27.0078,27.0432,27.0406,27.0316
27.038,27.0503,27.0313,27.0199,27.0019,26.995,27.0233,27.0278,27.0282,27.013,27.0463,27.0423,27.0332
27.038,27.0503,27.0313,27.0199,27.0019,26.995,27.0233,27.0278,27.0282,27.013,27.0463,27.0423,27.0332
27.0415,27.054,27.0363,27.0246,27.0037,26.9997,27.0233,27.0314,27.0303,27.0163,27.0478,27.0455,27.0347
27.0415,27.054,27.0363,27.0246,27.0037,26.9997,27.0233,27.0314,27.0303,27.0163,27.0478,27.0455,27.0347
27.0424,27.0573,27.041,27.0279,27.0036,27.0082,27.0236,27.0331,27.0311,27.0226,27.049,27.0481,27.0381
27.0424,27.0573,27.041,27.0279,27.0036,27.0082,27.0236,27.0331,27.0311,27.0226,27.049,27.0481,27.0381
27.0439,27.0577,27.0419,27.0322,27.0051,27.0124,27.0249,27.036,27.0324,27.0363,27.0553,27.0502,27.0396
27.0439,27.0577,27.0419,27.0322,27.0051,27.0124,27.0249,27.036,27.0324,27.0363,27.0553,27.0502,27.0396
27.0464,27.0576,27.047,27.0356,27.0072,27.0183,27.0294,27.043,27.0351,27.047,27.0565,27.0526,27.0418
27.0464,27.0576,27.047,27.0356,27.0072,27.0183,27.0294,27.043,27.0351,27.047,27.0565,27.0526,27.0418
27.0466,27.0594,27.0505,27.0401,27.0103,27.0208,27.0358,27.0453,27.0367,27.0458,27.0589,27.0532,27.0438
27.0466,27.0594,27.0505,27.0401,27.0103,27.0208,27.0358,27.0453,27.0367,27.0458,27.0589,27.0532,27.0438
27.0472,27.0611,27.057,27.0445,27.0125,27.0247,27.0467,27.0477,27.0382,27.0452,27.0639,27.0564,27.0452
27.0472,27.0611,27.057,27.0445,27.0125,27.0247,27.0467,27.0477,27.0382,27.0452,27.0639,27.0564,27.0452
27.0483,27.0621,27.0606,27.0485,27.0137,27.0319,27.0632,27.053,27.042,27.0447,27.0711,27.0591,27.0465
27.0483,27.0621,27.0606,27.0485,27.0137,27.0319,27.0632,27.053,27.042,27.0447,27.0711,27.0591,27.0465
27.0499,27.0636,27.0609,27.0502,27.0155,27.0316,27.0613,27.0595,27.0443,27.0445,27.0735,27.0608,27.0475
27.0499,27.0636,27.0609,27.0502,27.0155,27.0316,27.0613,27.0595,27.0443,27.0445,27.0735,27.0608,27.0475
27.053,27.0638,27.0619,27.054,27.0172,27.0315,27.0606,27.0662,27.0445,27.0447,27.0751,27.062,27.0487
27.053,27.0638,27.0619,27.054,27.0172,27.0315,27.0606,27.0662,27.0445,27.0447,27.0751,27.062,27.0487
27.0551,27.0642,27.0672,27.0572,27.0185,27.0321,27.0606,27.0686,27.0461,27.0446,27.0767,27.0628,27.0498
27.0551,27.0642,27.0672,27.0572,27.0185,27.0321,27.0606,27.0686,27.0461,27.0446,27.0767,27.0628,27.0498
27.056,27.0649,27.0759,27.0583,27.0221,27.032,27.061,27.0685,27.0485,27.0447,27.0799,27.0653,27.0512
27.056,27.0649,27.0759,27.0583,27.0221,27.032,27.061,27.0685,27.0485,27.0447,27.0799,27.0653,27.0512
27.0576,27.0649,27.0776,27.0648,27.0249,27.0319,27.0627,27.0696,27.0493,27.0451,27.0809,27.0688,27.0543
27.0576,27.0649,27.0776,27.0648,27.0249,27.0319,27.0627,27.0696,27.0493,27.0451,27.0809,27.0688,27.0543
27.0582,27.0665,27.0816,27.0682,27.0286,27.0327,27.0647,27.0718,27.0516,27.0468,27.083,27.0697,27.0566
27.0582,27.0665,27.0816,27.0682,27.0286,27.0327,27.0647,27.0718,27.0516,27.0468,27.083,27.0697,27.0566
27.0586,27.0702,27.0842,27.0683,27.0331,27.0343,27.07,27.0714,27.0558,27.0493,27.0867,27.0725,27.0587
27.0586,27.0702,27.0842,27.0683,27.0331,27.0343,27.07,27.0714,27.0558,27.0493,27.0867,27.0725,27.0587
27.0591,27.0769,27.0849,27.0682,27.0385,27.0364,27.0755,27.071,27.0576,27.0546,27.0895,27.0758,27.0612
27.0591,27.0769,27.0849,27.0682,27.0385,27.0364,27.0755,27.071,27.0576,27.0546,27.0895,27.0758,27.0612
27.0598,27.0795,27.087,27.0693,27.0419,27.0372,27.084,27.0713,27.0594,27.0589,27.0926,27.077,27.0631
27.0598,27.0795,27.087,27.0693,27.0419,27.0372,27.084,27.0713,27.0594,27.0589,27.0926,27.077,27.0631
27.0607,27.0792,27.0899,27.0693,27.0439,27.0385,27.0883,27.0719,27.063,27.0693,27.0941,27.079,27.0657
27.0607,27.0792,27.0899,27.0693,27.0439,27.0385,27.0883,27.0719,27.063,27.0693,27.0941,27.079,27.0657
27.0617,27.0793,27.093,27.0701,27.0449,27.0396,27.0901,27.0729,27.0633,27.0728,27.0966,27.081,27.0672
27.0617,27.0793,27.093,27.0701,27.0449,27.0396,27.0901,27.0729,27.0633,27.0728,27.0966,27.081,27.0672
27.0623,27.0826,27.0958,27.0706,27.0457,27.0443,27.0907,27.0731,27.0636,27.073,27.0982,27.0833,27.0685
27.0623,27.0826,27.0958,27.0706,27.0457,27.0443,27.0907,27.0731,27.0636,27.073,27.0982,27.0833,27.0685
27.0629,27.0867,27.0977,27.0714,27.0468,27.0466,27.0911,27.0734,27.0666,27.0792,27.0986,27.0846,27.0703
27.0629,27.0867,27.0977,27.0714,27.0468,27.0466,27.0911,27.0734,27.0666,27.0792,27.0986,27.0846,27.0703
27.0638,27.0882,27.0989,27.0715,27.0483,27.0482,27.0938,27.0736,27.0669,27.0848,27.0994,27.0846,27.0719
27.0638,27.0882,27.0989,27.0715,27.0483,27.0482,27.0938,27.0736,27.0669,27.0848,27.0994,27.0846,27.0719
27.064,27.0886,27.0989,27.0721,27.0509,27.0483,27.0987,27.0737,27.0687,27.0868,27.1037,27.0848,27.0733
27.064,27.0886,27.0989,27.0721,27.0509,27.0483,27.0987,27.0737,27.0687,27.0868,27.1037,27.0848,27.0733
27.0641,27.089,27.101,27.0743,27.0526,27.0482,27.0995,27.0738,27.0713,27.0952,27.1077,27.0886,27.0756
27.0641,27.089,27.101,27.0743,27.0526,27.0482,27.0995,27.0738,27.0713,27.0952,27.1077,27.0886,27.0756
27.0648,27.0892,27.1091,27.0856,27.0559,27.0481,27.0995,27.0745,27.0759,27.0951,27.1111,27.0901,27.0792
27.0648,27.0892,27.1091,27.0856,27.0559,27.0481,27.0995,27.0745,27.0759,27.0951,27.1111,27.0901,27.0792
27.066,27.0895,27.1105,27.0865,27.06,27.0481,27.1017,27.0781,27.0763,27.0954,27.1123,27.0921,27.0833
27.066,27.0895,27.1105,27.0865,27.06,27.0481,27.1017,27.0781,27.0763,27.0954,27.1123,27.0921,27.0833
27.0675,27.0906,27.1111,27.0869,27.0656,27.0485,27.106,27.0796,27.0762,27.0951,27.1135,27.0969,27.0871
27.0675,27.0906,27.1111,27.0869,27.0656,27.0485,27.106,27.0796,27.0762,27.0951,27.1135,27.0969,27.0871
27.0692,27.0965,27.1137,27.0873,27.0688,27.0497,27.1113,27.0872,27.08,27.0951,27.1149,27.1001,27.0899
27.0692,27.0965,27.1137,27.0873,27.0688,27.0497,27.1113,27.0872,27.08,27.0951,27.1149,27.1001,27.0899
27.0716,27.0996,27.1151,27.087,27.0702,27.0567,27.1167,27.0914,27.0827,27.0955,27.1207,27.1025,27.0917
27.0716,27.0996,27.1151,27.087,27.0702,27.0567,27.1167,27.0914,27.0827,27.0955,27.1207,27.1025,27.0917
27.0739,27.1025,27.1154,27.0871,27.0711,27.0663,27.1192,27.1018,27.0908,27.0956,27.1241,27.1054,27.0945
27.0739,27.1025,27.1154,27.0871,27.0711,27.0663,27.1192,27.1018,27.0908,27.0956,27.1241,27.1054,27.0945
27.0745,27.1035,27.1154,27.0873,27.0722,27.0696,27.1219,27.1037,27.0975,27.0964,27.1295,27.1063,27.0983
27.0745,27.1035,27.1154,27.0873,27.0722,27.0696,27.1219,27.1037,27.0975,27.0964,27.1295,27.1063,27.0983
27.0749,27.105,27.1157,27.0873,27.073,27.0703,27.1244,27.1127,27.1015,27.0968,27.1315,27.1069,27.1006
27.0749,27.105,27.1157,27.0873,27.073,27.0703,27.1244,27.1127,27.1015,27.0968,27.1315,27.1069,27.1006
27.0748,27.1071,27.1174,27.0872,27.075,27.0733,27.1258,27.1143,27.1081,27.0974,27.1347,27.1091,27.1037
27.0748,27.1071,27.1174,27.0872,27.075,27.0733,27.1258,27.1143,27.1081,27.0974,27.1347,27.1091,27.1037
27.0754,27.1156,27.1196,27.0877,27.0767,27.0762,27.1282,27.1139,27.1093,27.0976,27.1375,27.113,27.1059
27.0754,27.1156,27.1196,27.0877,27.0767,27.0762,27.1282,27.1139,27.1093,27.0976,27.1375,27.113,27.1059
27.0767,27.1179,27.1206,27.0878,27.079,27.0836,27.1313,27.1145,27.1092,27.0984,27.1399,27.1151,27.1072
27.0767,27.1179,27.1206,27.0878,27.079,27.0836,27.1313,27.1145,27.1092,27.0984,27.1399,27.1151,27.1072
27.081,27.1196,27.1231,27.0882,27.0802,27.0873,27.1325,27.1169,27.1107,27.099,27.1413,27.1155,27.1092
27.081,27.1196,27.1231,27.0882,27.0802,27.0873,27.1325,27.1169,27.1107,27.099,27.1413,27.1155,27.1092
27.0823,27.1215,27.1244,27.0887,27.0807,27.0884,27.133,27.1193,27.1116,27.1002,27.1437,27.1162,27.1129
